"New.Names.for.Pdfs","Foreword","Introduction","Executive.Summary","Preface","Conclusion","Does.renamed.file.exist.in.z_oursample..Yes..no","US.EU.UN","Comments.Questions.","Name.NVIVO.May.24","Fully.coded","Executive.Coded","Main.Theme","page.length.","OCR.done","Fix.Pipeline","Fix.women","Fix.organizations","Fix.structure","Fix.culture","fix.knowledge","fix.problems","Author","Year","Title","Location","Institution","Publisher","Department","Department.1","NA."
"AAUW_2013",NA,"AAUW_2013_intro",NA,NA,"AAUW_2013_Concl","yes","US","0","AAUW_2013","0","0",1,10,"0",1,1,0,0,0,0,0,"0",2013,"Improve Girls' and Women's Opportunities in Science, Technology, Engineering, and Math","Washington, DC","American Association of University Women (AAUW)","American Association of University Women (AAUW)","AAUW Public Policy and Government Relations Department","0",NA
"AL_2007",NA,"AL_2007_intro","AL_2007_exec",NA,"AL_2007_concl","yes","EU","0","0","0","0",1,6,"0",0,0,1,0,0,1,0,"Ledin, A., Bornmann, L., Gannon, F. and Wallon, G.",2007,"A persistent problem. Traditional gender roles hold back female scientists.","Heidelberg, Germany","European Molecular Biology Organization (EMBO)","European Molecular Biology Organization Press","0","0",NA
"EC_2012d",NA,NA,"EC_2012d_exec",NA,"EC_2012d_concl","yes","EU","0","0","0","0",1,6,"0",0,0,1,0,0,1,0,"0",2012,"Developing Systematic Implementation Strategy to Advance EU Policy on Gender Equality in Science, as part of HORIZON 2020, European Research Area and Innovation Union","Brussels, Belgium","European Commission","Office for Official Publications of the European Communities","0","0",NA
"EC_2014",NA,NA,"EC_2014_exec",NA,NA,"yes","EU","0","0","0","0",1,4,"0",1,0,1,0,0,1,0,"0",2014,"Research and Innovation Quality through Equality From Ideas to Markets: Excellence in mainstreaming gender into research, innovation, and policy","Brussels, Belgium","European Commission","Office for Official Publications of the European Communities","0","0",NA
"EC_2015g",NA,"EC_2015g_intro","EC_2015g_exec",NA,"EC_2015g_concl","yes","EU","0","0","0","0",1,14,"0",0,0,0,0,0,1,0,"0",2015,"For a better integration of the gender dimension in Horizon 2020 Work Programme 2016-2017","Brussels, Belgium","European Commission","Office for Official Publications of the European Communities","0","AAUW Public Policy and Government Relations Department",NA
"MIT_1999","MIT_1999_fore","MIT_1999_intro","MIT_1999_exec",NA,"MIT_1999_concl","yes","US","0","MIT_1999","0","Annie",1,0,"0",1,0,1,0,0,0,0,"Chisholm, Sallie W., Friedman, Jerome I., Hopkins, Nancy, Kleitman, Daniel, Matthews, June L., Potter, Mary C. , Rizzoli, Paola M., Royden, Leigh, Silbey, Robert J., Stubbe, JoAnne, Ceyer, Sylvia T., Chisholm, Sallie W., Friedman, Jerome I., Hewitt, Jacqueline N. and Hodges, Kip V.",1999,"A study of the status of women faculty in science at MIT: how a Committee on Women Faculty came to be established by the Dean of the School of Science, what the Committee and the Dean learned and accomplished, and recommendations for the future","Cambridge, Massachusetts","Massachusetts Institute of Technology (MIT)","Massachusetts Institute of Technology (MIT)","Committee on Women Faculty. Massachusetts Institute of Technology (MIT)","0",NA
"NCWGE_2012",NA,"NCWGE_2012_intro","NCWGE_2012_exec",NA,"NCWGE_2012_concl","yes","US","0","NCWGE_2012","FSV","0",1,10,"0",1,1,0,0,0,0,0,"0",2012,"Science, Technology, Engineering, and Mathematics (STEM): Equality Narrows the Achievement Gap","Washington, DC","National Coalition for Women and Girls in Education (NCWGE)","National Coalition for Women and Girls in Education (NCWGE)","0","Center for Policy Analysis",NA
"UN_1998",NA,"UN_1998_intro",NA,NA,"UN_1998_concl","yes","INT","0","UNESCO_1998a","0","Annie",1,10,"no",1,0,1,1,0,1,1,"0",1998,"Women, Science and Technology in Latin America: Diagnoses and Strategies (Final Report)","Bariloche, Argentina","United Nations Educational, Scientific and Cultural Organization (UNESCO)","United Nations Publications","0","0",NA
"UN_2002b",NA,"UN_2002b_intro",NA,NA,"UN_2002b_concl","yes","INT","0","UN_2002b","0","0",1,0,"1",0,0,1,1,0,1,0,"Hafkin, Nancy",2002,"Gender Issues in ICT Policy in Developing Countries: An Overview","Geneva, Switzerland","United Nations Division for the Advancement of Women (DAW)","United Nations Publications","0","0",NA
"UN_2006b",NA,NA,"UN_2006b_exec",NA,NA,"yes","INT","0","UNESCO_2006","0","0",1,7,"0",1,0,1,1,0,0,0,"Huyer, Sophia",2006,"The Gender Working Group Transformative Action Areas: Then and Now","Geneva, Switzerland","UN Gender Advisory Board","United Nations Publications","Commission on Science and Technology for Development","0",NA
"UN_2011a",NA,"UN_2011a_intro",NA,NA,"UN_2011a_concl","yes","INT","0","UN_2011a","0","0",1,0,"1",0,0,0,0,0,1,1,"Bonder, Gloria",2011,"Why Is It Important That Women Fully Participate in the Construction of the Information/Knowledge Society","Bariloche, Argentina","United Nations Educational, Scientific and Cultural Organization (UNESCO)","United Nations Publications","0","0",NA
"UN_2011c",NA,"UN_2011c_intro",NA,NA,"UN_2011c_concl","yes","INT","0","UN_2011c","0","0",1,0,"1",1,0,1,1,0,0,0,"0",2011,"Commission on the Status of Women 55: Agreed Conclusions","Paris, France","United Nations Educational, Scientific and Cultural Organization (UNESCO)","United Nations Publications","0","0",NA
"WB_2004",NA,NA,"WB_2004_exec",NA,"WB_2004_concl","yes","INT","0","WorldBank_2004","0","0",1,0,"1",0,0,0,0,0,1,0,"0",2004,"Engendering Information and Communication Technologies : Challenges and Opportunities for Gender-Equitable Development","Washington, DC","World Bank Group","World Bank Group","0","ETAN Expert Working Group on Women and Science",NA
"AAAS_1976","AAAS_1976_fore","AAAS_1976_intro",NA,"AAAS_1976_pref","AAAS_1976_concl","yes","US","0","AAAS_1976","0","0",1,79,"0",1,1,0,0,0,0,0,"Malcom, Shirley M., Hall, Paula Quick and Brown, Janet Welsh",1976,"The double bind: The price of being a minority woman in science","Washington, DC","American Association for the Advancement of Science (AAAS)","American Association for the Advancement of Science (AAAS)","0","0",NA
"AAUDE_2013",NA,"AAUDE_2013_intro",NA,NA,"AAUDE_2013_concl","yes","US","0","0","0","0",0,0,"0",0,0,0,0,0,0,0,"Carr, Rebecca",2013,"Women in the academic pipeline for science, technology, engineering and math: nationally and at AAUDE institutions","Nashville, TN","Association of American Universities Data Exchange (AAUDE)","Association of American Universities Data Exchange (AAUDE)","0","The Helsinki Group and Directorate-General for Research",NA
"AAUW_2004","AAUW_2004_fore","AAUW_2004_intro",NA,NA,"AAUW_2004_concl","yes","US","0","0","0","0",1,43,"0",1,0,1,0,0,0,0,"Dyer, Susan K., Ed.",2004,"Under the Microscope: A Decade of Gender Equity Projects in the Sciences","Washington, DC","American Association of University Women (AAUW)","American Association of University Women (AAUW)","0","0",NA
"AAUW_2010","AAUW_2010_fore",NA,"AAUW_2010_exec",NA,"AAUW_2010_concl","yes","US","0","AAUW_2010","FSV","Annie",1,134,"0",1,1,0,0,0,0,0,"Hill, Catherine, Corbett, Christianne and Rose, Andresse St. ",2010,"Why so few?  Women in science, technology, engineering, and mathematics.","Washington, DC","American Association of University Women (AAUW)","American Association of University Women (AAUW)","0","0",NA
"AAUW_2015","AAUW_2015_fore",NA,"AAUW_2015_exec",NA,"AAUW_2015_concl","yes","US","0","AAUW_2015","FSV","Annie",1,159,"0",1,1,1,0,0,0,0,"Corbett, Christianne and Hill, Catherine",2015,"Solving the Equation: The Variables for Women's Success in Engineering and Computing","Washington, DC","American Association of University Women (AAUW)","American Association of University Women (AAUW)","0","Enwise Expert Group on women scientists in the Central and Eastern European countries and in the Baltic States and Directorate-General for Research and Innovation",NA
"ACE_2006",NA,"ACE_2006_intro","ACE_2006_exec",NA,"ACE_2006_concl","yes","US","0","0","0","0",1,28,"0",1,0,1,0,0,0,0,"King, Jacqueline E.",2006,"Gender Equity in Higher Education: 2006","Washington, DC","American Council on Education (ACE)","American Council on Education (ACE)","Center for Policy Analysis","0",NA
"AIR_2012",NA,"AIR_2012_intro","AIR_2012_exec",NA,NA,"yes","US","0","AIR_2012","0","Annie",1,94,"0",1,0,1,0,0,0,0,"Bang, Megan, Castillo, Steve, Diaz, Fred M., Garza, Tina, Gomez, Louis, Gonazalez, Lino, Kimbrough, Walter M., Malcom-Piqueux, Lindsey, Marinez, Diana I., Mathur, Krish, Padron, Eduardo, Phelps, Stacy, Sekaric, Lidija, Summers-Gates, Judith A. and Tyler, Margaret Daniels",2012,"Broadening Participation in STEM: A call to action","Washington, DC","American Institutes for Research (AIR)","American Institutes for Research (AIR)","0","0",NA
"AIR_2014b",NA,"AIR_2014b_intro",NA,NA,"AIR_2014b_concl","yes","US","0","AIR_2014b","0","0",1,13,"0",1,1,1,0,0,0,0,"Gillen, Andrew and Tanenbaum, Courtney",2014,"Exploring Gender Imbalance Among STEM Doctoral Degree Recipients","Washington, DC","American Institutes for Research (AIR)","American Institutes for Research (AIR)","0","0",NA
"EC_1999a",NA,"EC_1999a_intro",NA,NA,"EC_1999a_concl","yes","EU","K: is a communication from the commission a report?","European Commission_1999a","0","Annie",1,49,"1",0,0,0,0,0,1,0,"0",1999,"Women and Science. Mobilising women to enrich European research. Communication from the Commission. COM (99) 76 final, 17 February 1999","Brussels, Belgium","European Commission","Office for Official Publications of the European Communities","0","0",NA
"EC_1999b",NA,NA,NA,"EC_1999b_pref","EC_1999b_concl","yes","EU","0","EC_1999d","0","0",1,0,"0",1,0,0,0,0,1,1,"0",1999,"Women and Science: Report of a conference held in April 1998 Brussels","Brussels, Belgium","European Commission","Office for Official Publications of the European Communities","0","0",NA
"EC_2000","EC_2000_fore","EC_2000_intro","EC_2000_exec","EC_2000_pref","EC_2000_concl","yes","EU","0","European Commission_2000","FSV","0",1,174,"0",1,0,1,0,0,0,0,"Osborn, Mary, Rees, Teresa, Bosch, Mineke, Ebeling, Helga, Hermann, Claudine, Hilden, Jytte, McLaren, Anne, Palomba, Rossella, Peltonen, Leena, Vela, Carmen, Weis, Dominique, Wold, Agnes, Mason, Joan and Wennerås, Christine",2000,"Science Policies in the European Union: Promoting excellence through mainstreaming gender equality: A Report from the ETAN Expert Working Group on Women and Science","Luxembourg","European Commission","Office for Official Publications of the European Communities","ETAN Expert Working Group on Women and Science","0",NA
"EC_2001",NA,"EC_2001_intro",NA,NA,"EC_2001_concl","yes","EU","K:  commission staff paper - so it's bureaucrats but similar to US GAO!","EC_2001b","0","0",1,0,"0",0,0,1,1,0,0,1,"0",2001,"Commission staff working paper: women and science: the gender dimension as a leverage for reforming science","Luxembourg","European Commission","Office for Official Publications of the European Communities","0","Economy and Society Directorate-General for Research Science",NA
"EC_2002",NA,"EC_2002_intro","EC_2002_exec","EC_2002_pref","EC_2002_concl","yes","EU","0","EC Helsinki Group_2002","0","Annie",1,4,"no",1,0,1,0,0,0,0,"0",2002,"National Policies on Women and Science in Europe","Luxembourg","European Commission","Office for Official Publications of the European Communities","The Helsinki Group and Directorate-General for Research","0",NA
"EC_2003",NA,"EC_2003_intro","EC_2003_exec","EC_2003_pref",NA,"yes","EU","0","European Commission_2003a","FSV","0",1,116,"0",1,0,0,0,0,0,0,"0",2003,"She Figures 2003. Women and Science. Statistics and Indicators","Brussels, Belgium","European Commission","Office for Official Publications of the European Communities","0","0",NA
"EC_2004a","EC_2004a_fore","EC_2004a_intro",NA,"EC_2004a_pref","EC_2004a_concl","yes","EU","0","European Commission_2004c","0","Annie",1,185,"0",0,0,0,0,0,1,0,"0",2004,"Gender and Excellence in the Making","Brussels, Belgium","European Commission","Office for Official Publications of the European Communities","0","Directorate General for Research",NA
"EC_2004b","EC_2004b_fore","EC_2004b_intro","EC_2004b_exec","EC_2004b_pref","EC_2004b_concl","yes","EU","0","European Commission_2004b","FSV","0",1,179,"0",1,0,1,0,0,0,0,"Blagojević, Marina, Bundele, Maija, Burkhardt, Anke, Calloni, Marina, Ergma, Ene, Glover, Judith, Groó, Dora, Havelková, Hana, Mladenič, Dunja, Olesky, Elzbieta H., Srettenova, Nikola, Tripsa, Mioara Florica, Velichová, Daniela and Zvinkliene, Alina",2004,"Waste of talents: turning private struggles into a public issue: Women and Science in the Enwise countries","Brussels, Belgium","European Commission","Office for Official Publications of the European Communities","Enwise Expert Group on women scientists in the Central and Eastern European countries and in the Baltic States and Directorate-General for Research and Innovation","genSET",NA
"EC_2005",NA,"EC_2005_intro",NA,NA,"EC_2005_concl","yes","EU","0","European Commission_2005c","FSV","0",1,36,"0",0,0,0,0,0,1,0,"0",2005,"Women and Science: Excellence and Innovation - Gender Equality in Science","Brussels, Belgium","European Commission","Office for Official Publications of the European Communities","0","0",NA
"EC_2006",NA,"EC_2006_intro","EC_2006_exec","EC_2006_pref",NA,"yes","EU","0","European_Commission_2006c","0","0",1,116,"0",0,0,0,0,0,1,0,"0",2006,"She Figures 2006. Women and Science. Statistics and Indicators","Brussels, Belgium","European Commission","Office for Official Publications of the European Communities","0","0",NA
"EC_2008a","EC_2008a_fore","EC_2008a_intro","EC_2008a_exec",NA,"EC_2008a_concl","yes","EU","0","European Commission_2008a","FSV","Annie",1,164,"0",1,0,1,0,0,0,0,"Ruest-Archambault, Elyse, von Tunzelmann, Nick, Iammarino, Simona, Jagger, Nick, Miller, Linda, Kutlaca, Djuro, Semencenko, Dusica, Popvic-Pantic, Sanja and Mosurovic, Maria",2008,"Benchmarking Policy Measures for Gender Equality in Science","Luxembourg","European Commission","Office for Official Publications of the European Communities","0","0",NA
"EC_2008b","EC_2008b_fore","EC_2008b_intro","EC_2008b_exec",NA,"EC_2008b_concl","yes","EU","0","European Commission_2008c","FSV","Annie",1,80,"0",1,0,1,0,0,1,0,"0",2008,"Mapping the maze: Getting more women to the top in research","Luxembourg","European Commission","Office for Official Publications of the European Communities","0","Yellow Window Management Consultants",NA
"EC_2009a","EC_2009a_fore","EC_2009a_intro","EC_2009a_exec",NA,"EC_2009a_concl","yes","EU","0","European Commission_2009a","0","0",1,136,"0",1,0,1,0,0,0,0,"0",2009,"The Gender Challenge in Research Funding: Assessing the European National Scenes","Brussels, Belgium","European Commission","Office for Official Publications of the European Communities","0","Directorate-General for Research and Innovation and The Expert Group on Structural Change",NA
"EC_2009b","EC_2009b_fore","EC_2009b_intro",NA,NA,NA,"yes","EU","0","European Commission_2009b","0","0",1,132,"0",1,0,1,0,0,0,0,"0",2009,"Women in Science and Technology: Creating Sustainable Careers","Luxembourg","European Commission","Office for Official Publications of the European Communities","0","Directorate-General for Research and Innovation",NA
"EC_2009c","EC_2009c_fore","EC_2009c_intro",NA,NA,NA,"yes","EU","0","European Commission_2009c","0","0",1,0,"0",0,0,0,0,0,0,1,"0",2009,"Women in science","Luxembourg","European Commission","Office for Official Publications of the European Communities","Economy and Society Directorate-General for Research Science","0",NA
"EC_2009d",NA,"EC_2009d_intro","EC_2009d_exec","EC_2009d_pref",NA,"yes","EU","0","EC_2009d","0","Annie",1,160,"1",1,1,1,0,0,0,0,"0",2009,"She Figures 2009. Gender in Research and Innovation. Statistics and Indicators","Luxembourg","European Commission","Office for Official Publications of the European Communities","0","Directorate General for Research",NA
"EC_2009e","EC_2009e_fore","EC_2009e_intro","EC_2009e_exec",NA,"EC_2009e_concl","yes","EU","0","EC_2009e","0","0",1,0,"0",1,0,1,0,1,0,0,"Palma, Michele, Martini, Serenella, Di Nardo, Marino, Zancanaro, Irene, Cacace, Marina, Declich, Giovanna, Berliri, Maresa, Bruni, Marina, Foschi, Martha, Kupczyk, Dominika, McGilvray, Marysia, Murari, Giovanna, Peto, Andrea, Kálai, Katalin, Szobaszlai, Beata, Groó, Dóra, Palasik, Mária, Gönczi, Richard, Zajczyk, Francesca, Crosta, Francesca, Fiore, Brunella, Ortelli, Sabrina, Palvarini, Peitro, Schmidt, Evanthia Kalpazidou, Faber, Stine Thidemann, Davidson, Marilyn, Fielden, Sandra, Hunt, Carrie, Kan, Jackie, Woolnough, Helen, Falcinelli, Daniela, Beccalli, Bianca, Chiesi, Antonio, Sorlini, Claudia, Rapetti, Elisa, Benjamin, Sara, Magaraggia, Sveva, Deyton, Patricia H., Hogan, Alice, Kivolowitz, Kerri, Ryan, Kathleen, Scott, Jackie, Bagnoli, Anna, Whithouse, Gillian, Rocco, Carlie, Calvi, Giulia and Fava, Valentina",2009,"Guidelines for Gender: Equality Programmes in Science","Rome, Italy","Practising Gender Equality in Science (PraGES)","Practising Gender Equality in Science (PraGES)","0","Directorate-General for Research and Innovation",NA
"EC_2009f",NA,"EC_2009f_intro",NA,NA,"EC_2009f_concl","yes","EU","0","EC_2009f","0","0",1,0,"0",1,0,1,1,0,0,0,"0",2008,"Monitoring Progress Towards Gender Equality in the Sixth Framework Programme: Citizens and Governance in a Knowledge-based Society: Synthesis Report","Brussels, Belgium","European Commission","Office for Official Publications of the European Communities","Directorate General for Research","Directorate-General for Research and Innovation and European Research Area",NA
"EC_2010a",NA,"EC_2010a_intro",NA,NA,"EC_2010a_concl","yes","EU","0","EC_2010","0","0",1,0,"0",1,0,1,1,0,0,0,"Buitendijk, Simone, Revuelta, Concha Colomer, Corda, Daniela, Flodström, Anders, Holdcroft, Anita, Hunter, Jackie, James, Astrid, Jensen, Henrik Toft, Kitchen, Nick, Schraudner, Martina, Sjørup, Karen, Rice, Curt, Rønneberg, Hanne and Tarrach, Rolf",2010,"Recommendations for action on the gender dimension in science","London, England","European Commission","Portia Ltd","genSET","0",NA
"EC_2010b","EC_2010b_fore","EC_2010b_intro",NA,NA,"EC_2010b_concl","yes","EU","0","European Commission_2010","FSV","0",1,228,"0",1,0,1,0,0,0,0,"Marchetti, Marina and Raudma, Tiia",2010,"Stocktaking 10 Years of"" Women in Science"" Policy by the European Commission 1999-2009","Luxembourg","European Commission","Office for Official Publications of the European Communities","0","Gender-Net",NA
"EC_2010c",NA,"EC_2010c_intro","EC_2010c_exec",NA,"EC_2010c_concl","yes","EU","0","0","0","0",1,98,"0",1,0,1,0,0,1,0,"Castaño, Cecilia, Müller, Jörg, Gonzalez, Ana and Palmen, Rachel",2010,"Policy towards gender equity in science and research","Brussels, Belgium","European Commission","Office for Official Publications of the European Communities","0","Gender-Net",NA
"EC_2010d",NA,"EC_2010d_intro",NA,NA,"EC_2010d_concl","yes","EU","0","0","0","0",1,66,"0",0,0,0,0,0,1,0,"Schiebinger, Londa , Klinge, Ineke, Arlow, Addison  and Newman, Sarah ",2010,"Gendered innovations. Mainstreaming sex and gender analysis into basic and applied research. Meta-analysis of gender and science research – Topic report","Brussels, Belgium","European Commission","Office for Official Publications of the European Communities","0","Gender-Net",NA
"EC_2011a",NA,"EC_2011a_intro",NA,NA,NA,"yes","EU","0","EC_2011a","0","Annie",1,0,"0",0,0,0,0,0,1,0,"0",2011,"Toolkit: Gender in EU-Funded Research","Brussels, Belgium","European Commission","Office for Official Publications of the European Communities","Yellow Window Management Consultants","Gender-Net",NA
"EC_2012a","EC_2012a_fore","EC_2012a_intro","EC_2012a_exec",NA,"EC_2012a_concl","yes","EU","0","European Commission_2012a","0","Annie",1,52,"1",1,0,1,0,0,0,0,"0",2011,"Structural Change in research institutions: Enhancing excellence, gender equality and efficiency in research and innovation ","Brussels, Belgium","European Commission","Office for Official Publications of the European Communities","Directorate-General for Research and Innovation and The Expert Group on Structural Change","0",NA
"EC_2012c","EC_2012c_fore","EC_2012c_intro","EC_2012c_exec",NA,"EC_2012c_concl","yes","EU","0","EC_2012c","0","0",1,0,"0",1,0,1,1,1,0,0,"Caprile, Maria, Addis, Elisabetta, Castaño, Cecilia, Klinge, Ineke, Larios, Marina, Meulders, Danièle, Müller, Jörg, O’Dorchai, Síle, Palasik, Mária, Plasman, Robert, Roivas, Seppo, Sagebiel, Felizitas, Schiebinger, Londa, Vallès, Núria and Vázquez-Cupeiro, Susana",2012,"Meta-analysis of gender and science research: Synthesis report","Brussels, Belgium","European Commission","Office for Official Publications of the European Communities","Directorate-General for Research and Innovation","0",NA
"EC_2013a","EC_2013a_fore",NA,"EC_2013a_exec",NA,"EC_2013a_concl","yes","EU","0","EC_2013a","Annie","Annie",1,144,"1",0,0,0,0,0,1,0,"Schiebinger, Londa L.",2013,"Gendered Innovations : How Gender Analysis Contributes to Research: Report of the Expert Group ""Innovation Through Gender""","Brussels, Belgium","European Commission","Office for Official Publications of the European Communities","Directorate General for Research","0",NA
"EC_2013b","EC_2013b_fore",NA,"EC_2013b_exec",NA,NA,"yes","EU","0","EC_2013b","0","0",1,0,"0",0,0,1,1,0,1,0,"Lipinsky, Anke",2014,"Gender Equality Policies in Public Research: Based on a Survey Among Members of the Helsinki Group on Gender in Research and Innovation, 2013","Brussels, Belgium","European Commission","Office for Official Publications of the European Communities","Directorate-General for Research and Innovation","0",NA
"EC_2013c","EC_2013c_fore","EC_2013c_intro","EC_2013c_exec",NA,NA,"yes","EU","0","European Commission_2013","0","0",1,159,"0",1,0,1,0,0,0,0,"0",2013,"She figures 2012 - Gender in research and innovation","Luxembourg","European Commission","Office for Official Publications of the European Communities","Directorate-General for Research and Innovation and European Research Area","0",NA
"EC_2015a",NA,"EC_2015a_intro","EC_2015a_exec",NA,NA,"yes","EU","0","EC_2015a","0","Annie",1,0,"1",0,0,0,0,0,1,0,"0",2015,"Compendium of national initiatives on the integration of the gender dimension in research contents","Brussels, Belgium","European Commission","Office for Official Publications of the European Communities","Gender-Net","genSET",NA
"EC_2015b",NA,"EC_2015b_intro","EC_2015b_exec",NA,"EC_2015b_concl","yes","EU","0","EC_2015b","0","0",1,0,"0",1,0,1,1,0,1,0,"0",2015,"Plans and initiatives in selected research institutions aiming to stimulate gender equality and enact structural change","Brussels, Belgium","European Commission","Office for Official Publications of the European Communities","Gender-Net","University of Wisconsin-Milwaukee",NA
"EC_2015c",NA,"EC_2015c_intro","EC_2015c_exec",NA,"EC_2015c_concl","yes","EU","0","EC_2015c","0","Annie",1,0,"1",1,0,1,0,0,0,0,"0",2015,"National plans and initiatives promoting gender equality and structural change","Brussels, Belgium","European Commission","Office for Official Publications of the European Communities","Gender-Net","0",NA
"EC_2015d",NA,"EC_2015d_intro","EC_2015d_exec",NA,"EC_2015d_concl","yes","EU","0","EC_2015d","0","Annie",1,0,"1",1,0,1,0,0,0,0,"0",2015,"Award schemes, gender equality and structural change","Brussels, Belgium","European Commission","Office for Official Publications of the European Communities","Gender-Net","Advisory Panel on Women in Science",NA
"EC_2015e","EC_2015e_fore","EC_2015e_intro",NA,NA,"EC_2015e_concl","yes","EU","0","EC STAGES_2015","0","Annie",1,0,"0",1,0,1,0,0,0,0,"Cacace, Marina, Balahur, Doina, Bleijenbergh, Inge, Falcinelli, Daniela, Friedrich, Michaela and Kalpazidou, Evanthia",2015,"Structural Transformation to Achieve Gender Equality in Science - Guidelines","Luxembourg","European Commission","Office for Official Publications of the European Communities","0","Committee on Ethical and Legal Issues Relating to the Inclusion of Women in Clinical Studies",NA
"EC_2015f","EC_2015f_fore","EC_2015f_intro","EC_2015f_exec",NA,NA,"yes","EU","0","European_Commission_2015","0","0",1,224,"0",1,0,1,0,0,0,0,"0",2015,"She Figures 2015. Women and Science. Statistics and Indicators","Brussels, Belgium","European Commission","Office for Official Publications of the European Communities","0","Committee on Lesbian Health Research Priorities, Neuroscience and Behavioral Health Program and Health Sciences Policy Program",NA
"EC_2015h",NA,"EC_2015h_intro",NA,NA,NA,"yes","INT","0","0","0","0",1,78,"0",1,0,1,0,0,1,1,"0",2015,"Better Science & Technology for Creative Economy: Enhancing the Societal Impact through Gendered Innovations in Research, Development and Business","Seoul, Korea","Women in Science, Engineering and Technology (WISET); Portia Ltd","Publishing Institute Center for WISET","0","Committee on Understanding the Biology of Sex and Gender Differences and Board on Health Sciences Policy",NA
"EC_2016",NA,"EC_2016_intro",NA,NA,NA,"yes","INT","0","0","0","0",1,74,"0",0,0,0,0,0,1,1,"Lee, Heisook and Pollitzer, Elizabeth",2016,"The Role of Gender-based Innovations for the UN Sustainable Development Goals Toward 2030: Better Science and Technology for Al","Seoul, Korea","Portia Ltd; Women in Science, Engineering and Technology (WISET)","Engineering and Technology (WISET) Women in Science","0","Board on Population Health and Public Health Practice",NA
"ESF_2011",NA,NA,"ESF_2011_exec","ESF_2011_pref",NA,"yes","EU","0","European Science Foundation_2011","0","0",1,24,"0",0,0,1,0,0,1,0,"0",2011,"Public Consultation on the Future of Gender and Innovation in Europe: Summary Report","Strasbourg, France","genSET; European Science Foundation (ESF)","European Science Foundation (ESF)","genSET","0",NA
"FoSi_2011",NA,"FoSi_2011_intro","FoSi_2011_exec",NA,"FoSi_2011_concl","yes","US","0","0","0","0",1,64,"0",1,1,1,0,0,0,0,"Fouad, Nadya A. and Singh, Romila",2011,"Stemming the Tide Why Women Leave Engineering","Milwaukee, Wisconsin","National Science Foundation (NSF)","National Science Foundation (NSF)","University of Wisconsin-Milwaukee","0",NA
"HZ_2010",NA,"HZ_2010_intro","HZ_2010_exec",NA,NA,"yes","US","0","0","0","0",1,11,"0",0,0,1,0,0,0,0,"Hogan, Alice, Zippel, Kathrin S., Frehill, Lisa M. and Kramer, Laura",2010,"Report of the International Workshop on International Research Collaboration","Washington, DC","National Science Foundation (NSF)","National Science Foundation (NSF)","0","Committee on Women Faculty. Massachusetts Institute of Technology (MIT)",NA
"IAC_2006","IAC_2006_fore","IAC_2006_intro","IAC_2006_exec","IAC_2006_pref","IAC_2006_concl","yes","INT","0","IAC_2006","0","Annie",1,100,"1",0,0,1,0,0,0,1,"0",2006,"Women for Science. An Advisory Report","Amsterdam, Netherlands","InterAcademy Council (IAC)","InterAcademy Council (IAC)","Advisory Panel on Women in Science","0",NA
"IOM_1994",NA,"IOM_1994_intro","IOM_1994_exec","IOM_1994_pref","IOM_1994_concl","yes","US","0","NAP_1994","0","0",1,0,"1",0,0,1,1,0,1,0,"Mastroianni, Anna C., Faden, Ruth and Federman, Daniel",1994,"Women and Health Research: Ethical and Legal Issues of Including Women in Clinical Studies","Washington, DC","Institute of Medicine (IOM)","The National Academies Press","Committee on Ethical and Legal Issues Relating to the Inclusion of Women in Clinical Studies","0",NA
"IOM_1999",NA,"IOM_1999_intro","IOM_1999_exec","IOM_1999_pref","IOM_1999_concl","yes","US","0","0","0","0",1,234,"0",0,0,0,0,0,1,0,"Solarz, Andrea L.",1999,"Lesbian Health: Current Assessment and Directions for the Future","Washington, DC","Institute of Medicine (IOM)","The National Academies Press","Committee on Lesbian Health Research Priorities, Neuroscience and Behavioral Health Program and Health Sciences Policy Program","0",NA
"IOM_2001",NA,"IOM_2001_intro","IOM_2001_exec","IOM_2001_pref",NA,"yes","US","0","NAS_2001","Annie","Annie",1,0,"0",0,0,1,1,0,1,0,"Wizemann, Theresa M. and Pardue, Mary-Lou",2001,"Exploring the Biological Contributions to Human Health: Does Sex Matter?","Washington, DC","Institute of Medicine (IOM)","The National Academies Press","Committee on Understanding the Biology of Sex and Gender Differences and Board on Health Sciences Policy","Office of Scientific and Engineering Personnel",NA
"IOM_2012",NA,"IOM_2012_intro",NA,"IOM_2012_pref","IOM_2012_concl","yes","US","0","NAS_2012b","0","0",1,72,"0",0,0,1,0,0,1,0,"Wizemann, Theresa M.",2012,"Sex-Specific Reporting of Scientific Research","Washington, DC","Institute of Medicine (IOM)","The National Academies Press","Board on Population Health and Public Health Practice","Committee on Women in Science and Engineering and Office of Scientific and Engineering Personnel; Policy and Global Affairs",NA
"LERU_2012",NA,"LERU_2012_intro","LERU_2012_exec",NA,"LERU_2012_concl","yes","EU","0","LERU_2012","0","Annie",1,32,"1",0,0,0,0,0,1,0,"Maes, Katrien, Gvozdanovic, Jadranka, Buitendijk, Simone, Rahm Hallbertg, Ingalill and Mantilleri, Brigitte",2012,"Women, research and universities: excellence without gender bias","Brussels, Belgium","League of European Research Universities (LERU)","League of European Research Universities (LERU)","0","Committee on Women in Science and Engineering and Ad Hoc Panel on Interventions",NA
"LERU_2015",NA,"LERU_2015_intro","LERU_2015_exec",NA,"LERU_2015_concl","yes","EU","0","LERU_2015","0","Annie",1,0,"1",0,0,1,0,0,1,1,"Buitendijk, Simone and Maes, Katrien",2015,"Gendered Research and Innovation: Integrating Sex and Gender Analysis into the Research Process","Leuven, Belgium","League of European Research Universities (LERU)","League of European Research Universities (LERU)","0","Committee on Women in Science and Engineering and Office of Scientific and Engineering Personnel",NA
"NAS_2007",NA,"NAS_2007_intro","NAS_2007_exec","NAS_2007_pref","NAS_2007_concl","yes","US","0","NAS_2007","FSV","Annie",1,0,"1",1,0,1,0,0,0,0,"Shalala, Donna, Agogino, Alice, Bailyn, Lotte, Birgeneau, Robert J., Cauce, Ana Mari, Deangelis, Catherine D., Denton, Denice, Grosz, Barbara, Handlesman, Jo, Keohane, Nan, Malcom, Shirley, Richmond, Geraldine, Rivlin, Alice M., Simmons, Ruth, Spelke, Elizabeth, Steitz, Joan, Weyuker, Elaine, Zuber, Maria and Iammarino, Simona",2007,"Beyond Bias and Barriers: Fulfilling the Potential of Women in Academic Science and Engineering","Washington, DC","Institute of Medicine (IOM); National Academy of Engineering (NAE); National Academy of Sciences (NAS)","The National Academies Press","0","Committee on Women in Science and Engineering",NA
"NOW_2003",NA,"NOW_2003_intro","NOW_2003_exec",NA,"NOW_2003_concl","yes","US","0","0","0","0",1,43,"0",1,0,1,0,0,0,0,"Nelson, Donna J and Rogers, Diana C",2003,"A national analysis of diversity in science and engineering faculties at research universities","Washington, DC","National Organization for Women (NoW)","National Organization for Women (NoW)","0","Committee on the Guide to Recruiting and Advancing Women Scientists and Engineers in Academia, Committee on Women in Science and Engineering, Committee on Women in Science Engineering and Medicine and Policy and Global Affairs",NA
"NRC_1987",NA,"NRC_1987_intro",NA,"NRC_1987_pref",NA,"yes","US","0","NAP_1987","0","0",1,189,"0",1,1,0,0,0,0,0,"Dix, Linda S.",1987,"Women: Their Underrepresentation and Career Differentials in Science and Engineering: Proceedings of a Conference","Washington, DC","National Research Council (NRC)","The National Academies Press","Office of Scientific and Engineering Personnel","Committee on Maximizing the Potential of Women in Academic Science and Engineering (U.S.) and Committee on Science Engineering and Public Policy (U.S.)",NA
"NRC_1991","NRC_1991_fore","NRC_1991_intro","NRC_1991_exec","NRC_1991_pref","NRC_1991_concl","yes","US","0","NRC_1991","0","Annie",1,0,"0",1,1,0,0,0,0,0,"0",1991,"Women in Science and Engineering: Increasing Their Numbers in the 1990s: A Statement on Policy and Strategy","Washington, DC","National Research Council (NRC)","The National Academies Press","Committee on Women in Science and Engineering and Office of Scientific and Engineering Personnel; Policy and Global Affairs","Engineering Committee on Gender Differences in the Careers of Science, and Mathematics Faculty, Engineering Committee on Women in Science, and Medicine and Committee on National Statistics",NA
"NRC_1992","NRC_1992_fore",NA,NA,"NRC_1992_pref","NRC_1992_concl","yes","US","0","NAP_1992","0","0",1,76,"0",1,1,0,0,0,0,0,"Matyas, Marsha Lakes and Dix, Linda Skidmore",1992,"Science and Engineering Programs: On Target for Women?","Washington, DC","National Research Council (NRC)","The National Academies Press","Committee on Women in Science and Engineering and Ad Hoc Panel on Interventions","Committee on Status and Participation of Women in STEM Disciplines and Careers and Engineering Committee on Women in Science, and Medicine; Policy and Global Affairs",NA
"NRC_2000",NA,"NRC_2000_intro",NA,"NRC_2000_pref",NA,"yes","US","0","NAP_2000","0","0",1,0,"1",1,0,1,1,0,0,1,"0",2000,"Who Will Do the Science of the Future?: A Symposium on Careers of Women in Science","Washington, DC","National Academies of Sciences (NAS); National Research Council (NRC)","The National Academies Press","Committee on Women in Science and Engineering and Office of Scientific and Engineering Personnel","0",NA
"NRC_2001",NA,"NRC_2001_intro","NRC_2001_exec","NRC_2001_pref","NRC_2001_concl","yes","US","0","NRC_2001","0","0",1,0,"1",1,1,0,0,0,0,0,"0",2001,"From Scarcity to Visibility: Gender Differences in the Careers of Doctoral Scientists and Engineers","Washington, DC","National Research Council (NRC)","The National Academies Press","Committee on Women in Science and Engineering","Committee on Career Outcomes of Female Engineering Bachelor's Degree Recipients, Engineering Committee on Women in Science, and Medicine and Policy and Global Affairs",NA
"NRC_2006",NA,"NRC_2006_intro","NRC_2006_exec","NRC_2006_pref","NRC_2006_concl","yes","US","0","NRC_2006","0","Annie",1,0,"0",1,1,1,0,0,0,0,"0",2006,"To Recruit and Advance: Women Students and Faculty in Science and Engineering","Washington, DC","National Research Council (NRC)","The National Academies Press","Committee on the Guide to Recruiting and Advancing Women Scientists and Engineers in Academia, Committee on Women in Science and Engineering, Committee on Women in Science Engineering and Medicine and Policy and Global Affairs","0",NA
"NRC_2006b",NA,"NRC_2006b_intro","NRC_2006b_exec","NRC_2006b_pref",NA,"yes","US","0","NAS_2006","0","0",1,245,"0",1,1,0,0,0,0,0,"Shalala, Donna, Agogino, Alice, Bailyn, Lotte, Birgeneau, Robert J., Cauce, Ana Mari, Deangelis, Catherine D., Denton, Denice, Grosz, Barbara, Handlesman, Jo, Keohane, Nan, Malcom, Shirley, Richmond, Geraldine, Rivlin, Alice M., Simmons, Ruth, Spelke, Elizabeth, Steitz, Joan, Weyuker, Elaine and Zuber, Maria",2006,"Biological, social, and organizational components of success for women in academic science and engineering: Report of a workshop","Washington, DC","Institute of Medicine (IOM); National Academy of Engineering (NAE); National Academy of Sciences (NAS)","The National Academies Press","Committee on Maximizing the Potential of Women in Academic Science and Engineering (U.S.) and Committee on Science Engineering and Public Policy (U.S.)","0",NA
"NRC_2010",NA,"NRC_2010_intro","NRC_2010_exec","NRC_2010_pref","NRC_2010_concl","yes","US","0","NRC_2010","0","Annie",1,385,"1",1,1,0,0,0,0,0,"Canizares, Claude R., Shaywitz, Sally E., Abriola, Linda, Buikstra, Jane, Carriquiry, Alicia, Ehrenberg, Ronald, Girgus, Joan, Leibowitz, Arleen, Taylor, Thomas N. and Wu, Lilian",2010,"Gender Differences at Critical Transitions in the Careers of Science, Engineering, and Mathematics Faculty","Washington, DC","National Research Council (NRC)","The National Academies Press","Engineering Committee on Gender Differences in the Careers of Science, and Mathematics Faculty, Engineering Committee on Women in Science, and Medicine and Committee on National Statistics","0",NA
"NRC_2012",NA,"NRC_2012_intro",NA,"NRC_2012_pref","NRC_2012_concl","yes","US","0","NAS_2012","Annie","Annie",1,127,"1",1,0,1,0,0,0,0,"Didion, Catherin, Frehill, Lisa M. and Pearson, Willie",2012,"Blueprint for the Future: Framing the Issues of Women in Science in a Global Context: Summary of a Workshop","Washington, DC","National Research Council (NRC)","The National Academies Press","Committee on Status and Participation of Women in STEM Disciplines and Careers and Engineering Committee on Women in Science, and Medicine; Policy and Global Affairs","Committee on Equal Opportunities in Science and Engineering (CEOSE)",NA
"NRC_2013",NA,"NRC_2013_intro",NA,"NRC_2013_pref","NRC_2013_concl","yes","US","0","NAP_2013","0","0",1,292,"0",1,0,1,0,0,0,0,"0",2013,"Seeking Solutions: Maximizing American Talent by Advancing Women of Color in Academia: Summary of a Conference","Washington, DC","National Research Council (NRC)","The National Academies Press","0","0",NA
"NRC_2014",NA,"NRC_2014_intro",NA,"NRC_2014_pref","NRC_2014_concl","yes","US","0","NAP_2014","0","0",1,0,"1",1,0,1,1,1,0,0,"Frueh, Sara J.",2014,"Career Choices of Female Engineers ","Washington, DC","National Academy of Engineering (NAE); National Research Council (NRC)","The National Academies Press","Committee on Career Outcomes of Female Engineering Bachelor's Degree Recipients, Engineering Committee on Women in Science, and Medicine and Policy and Global Affairs","0",NA
"NSF_1994",NA,NA,"NSF_1994_exec","NSF_1994_pref",NA,"yes","US","Master file does not exist, only the cut preface and executive summary (highlights) from url http://www.nsf.gov/statistics/women/","0","0","0",1,26,"0",1,0,1,0,0,0,0,"0",1994,"Women, Minorities, and Persons with Disabilities in S&E: 1994","Washington, DC","National Science Foundation (NSF)","National Science Foundation (NSF)","0","0",NA
"NSF_2000","NSF_2000_fore","NSF_2000_intro","NSF_2000_exec",NA,NA,"yes","US","0","NSF_2000","0","Annie",1,266,"0",1,0,0,0,0,0,0,"0",2000,"Women, Minorities, and Persons with Disabilities in Science and Engineering: 2000","Arlington, Virginia","National Science Foundation (NSF)","National Science Foundation (NSF)","0","0",NA
"NSF_2002","NSF_2002_fore","NSF_2002_intro","NSF_2002_exec",NA,NA,"yes","US","0","NSF_2002","0","0",1,0,"0",1,0,0,0,0,0,0,"0",2002,"Women, Minorities, and Persons with Disabilities in Science and Engineering: 2002","Arlington, Virginia","National Science Foundation (NSF)","National Science Foundation (NSF)","0","0",NA
"NSF_2004","NSF_2004_fore","NSF_2004_intro","NSF_2004_exec",NA,"NSF_2004_concl","yes","US","0","NSF_2004","0","Annie",1,150,"0",1,1,1,0,0,0,0,"0",2004,"Broadening Participation in America's Science and Engineering Workforce: The 1994-2003 Decennial & 2004 Biennial Reports to Congress","Arlington, Virginia","National Science Foundation (NSF)","National Science Foundation (NSF)","Committee on Equal Opportunities in Science and Engineering (CEOSE)","President’s Council of Advisors on Science and Technology",NA
"NSF_2013",NA,"NSF_2013_intro",NA,NA,NA,"yes","US","0","NSF_2013","0","0",1,0,"0",1,0,0,0,0,0,0,"0",2013,"Women, Minorities, and Persons with Disabilities in Science and Engineering: 2013","Arlington, Virginia","National Science Foundation (NSF)","National Science Foundation (NSF)","0","Robert Bosch Stiftung",NA
"NSF_2013b",NA,"NSF_2013b_intro","NSF_2013b_exec",NA,"NSF_2013b_concl","yes","US","0","0","0","0",1,60,"0",1,0,1,0,0,1,0,"0",2013,"Diversity Fueling Excellence in Research and Innovation Conference Report","Washington, DC","National Science Foundation (NSF)","National Academies Press (NAP)","0","0",NA
"NSF_2015",NA,"NSF_2015_intro",NA,NA,NA,"yes","US","0","NSF_2015","0","Annie",1,0,"1",1,0,0,0,0,0,0,"0",2015,"Women, Minorities, and Persons with Disabilities in Science and Engineering: 2015","Arlington, Virginia","National Science Foundation (NSF)","National Science Foundation (NSF)","0","0",NA
"OECD_2007","OECD_2007_fore","OECD_2007_intro",NA,NA,"OECD_2007_concl","yes","INT","0","0","0","0",1,15,"0",1,0,1,0,0,0,0,"0",2006,"Women in Science, Engineering and Technology (SET): Strategies for a Global Workforce","Ottawa, Canada","Organisation for Economic Co-operation and Development (OECD)","Organisation for Economic Co-operation and Development (OECD)","0","0",NA
"OECD_2011",NA,"OECD_2011_intro","OECD_2011_exec",NA,NA,"yes","INT","0","OECD_2011","0","0",1,78,"0",1,1,0,0,0,0,0,"0",2011,"Report on the Gender Initiative: Gender Equality in Education, Employment and Entrepreneurship","Paris, France","Organisation for Economic Co-operation and Development (OECD)","Organisation for Economic Co-operation and Development (OECD)","0","0",NA
"PCAST_2012",NA,"PCAST_2012_intro","PCAST_2012_exec","PCAST_2012_pref","PCAST_2012_concl","yes","US","0","PCAST_2012","0","0",1,0,"0",1,0,1,1,0,0,0,"Holdren, John P. and Lander, Eric",2012,"Report to the President—Engage to excel: Producing one million additional college graduates with degrees in science, technology, engineering, and mathematics","Washington, DC","Executive Office of the President","United States Federal Government","President’s Council of Advisors on Science and Technology","UN ICT Task Force Secretariat",NA
"RB_2015",NA,"RB_2015_intro","RB_2015_exec",NA,"RB_2015_concl","yes","EU","0","RobertBosch_2015","0","Annie",1,0,"1",1,0,1,0,0,0,0,"Wallon, Gerlind, Bendiscioli, Sandra and Garfinkel, Michele S.",2015,"Exploring Quotas in Academia","Heidelberg, Germany","European Molecular Biology Organization (EMBO)","European Molecular Biology Organization Press","Robert Bosch Stiftung","0",NA
"UN_1995","UN_1995_fore",NA,NA,"UN_1995_pref",NA,"yes","INT","0","UN_1995","0","0",1,0,"1",0,0,0,0,0,1,1,"McGregor, Betsy and Oldham, Geoffrey",1995,"Missing Links: Gender Equity in Science and Technology for Development","London, England","United Nations Conference on Trade and Development (UNCTAD); UN Women; UN Gender Working Group","Intermediate Technology Publications Ltd","0","0",NA
"UN_1999a",NA,NA,NA,"UN_1999a_pref",NA,"yes","INT","0","UNESCO_1999","FSV","Annie",1,58,"0",1,0,1,1,0,1,1,"0",1999,"Women, science and technology: Towards a new development?","Paris, France","United Nations Educational, Scientific and Cultural Organization (UNESCO)","United Nations Publications","0","0",NA
"UN_2000",NA,"UN_2000_intro","UN_2000_exec","UN_2000_pref","UN_2000_concl","yes","INT","0","UN_2000","0","0",1,0,"1",0,0,1,1,0,1,1,"Marcelle, Gillian",2000,"Transforming Information & Communications Technologies for Gender Equality","Geneva, Switzerland","United Nations Development Program (UNDP)","United Nations Publications","0","Division for the Advancement of Women and Department of Economic and Social Affairs",NA
"UN_2002a",NA,NA,"UN_2002a_exec","UN_2002a_pref","UN_2002a_concl","yes","INT","0","UN_2002a","0","0",1,0,"1",0,0,1,1,0,0,1,"0",2002,"Information and communication technologies and their impact on and use as an instrument for the advancement and empowerment of women","Geneva, Switzerland","United Nations Division for the Advancement of Women (DAW); International Telecommunication Union (ITU)","United Nations Publications","UN ICT Task Force Secretariat","Commission on Science and Technology for Development",NA
"UN_2003",NA,"UN_2003_intro",NA,"UN_2003_pref","UN_2003_concl","yes","INT","0","UN_2003","0","0",1,0,"1",0,0,1,1,0,0,1,"Primo, Natasha",2003,"Gender Issues in the Information Society","Paris, France","United Nations Educational, Scientific and Cultural Organization (UNESCO)","United Nations Publications","0","Commission on Science and Technology for Development",NA
"UN_2004","UN_2004_fore","UN_2004_intro",NA,NA,NA,"yes","INT","0","UN_2004b","0","0",1,0,"1",1,0,1,1,0,0,1,"0",2004,"Guidelines for Gender Mainstreaming in Science and Technology","Paris, France","United Nations Educational, Scientific and Cultural Organization (UNESCO)","United Nations Publications","0","Institute for Statistics",NA
"UN_2005",NA,"UN_2005_intro",NA,NA,"UN_2005_concl","yes","INT","0","UN_2005","0","0",1,0,"1",0,0,1,1,0,1,0,"0",2005,"Women2000 and Beyond: Gender Equality and Empowerment of Women Through ICT","Geneva, Switzerland","UN Women","United Nations Publications","Division for the Advancement of Women and Department of Economic and Social Affairs","0",NA
"UN_2006a",NA,"UN_2006a_intro",NA,NA,NA,"yes","INT","0","UN_2006a","0","0",1,0,"1",0,0,1,1,0,1,1,"Huyer, Sophia",2006,"Gender, Science and Technology for Sustainable Development: Looking Ahead to the Next 10 Years","Geneva, Switzerland","UN Gender Advisory Board","United Nations Publications","Commission on Science and Technology for Development","United Nations Division for the Advancement of Women (DAW)",NA
"UN_2007a",NA,"UN_2007a_intro","UN_2007a_exec","UN_2007a_pref",NA,"yes","INT","0","UN_2007c","FSV","Annie",1,190,"0",1,0,1,1,0,0,0,"0",2007,"Science, Technology and Gender: An International Report ","Montreal, Canada","United Nations Educational, Scientific and Cultural Organization (UNESCO)","United Nations Publications","Institute for Statistics","0",NA
"UN_2007b","UN_2007b_fore","UN_2007b_intro",NA,"UN_2007b_pref",NA,"yes","INT","0","UN_2007b","0","0",1,0,"1",1,0,1,0,1,0,0,"Huyer, Sophia and Westholm, Gunnar",2007,"Gender Indicators in Science, Engineering and Technology: An Information Toolkit","Paris, France","United Nations Educational, Scientific and Cultural Organization (UNESCO)","United Nations Publications","0","0",NA
"UN_2010",NA,"UN_2010_intro",NA,NA,"UN_2010_concl","yes","INT","0","UN_2010","0","0",1,0,"1",1,0,1,1,0,1,1,"0",2010,"Gender, Science Technology Expert Group Report","Paris, France","United Nations Educational, Scientific and Cultural Organization (UNESCO)","United Nations Publications","United Nations Division for the Advancement of Women (DAW)","0",NA
"UN_2011b",NA,"UN_2011b_intro","UN_2011b_exec","UN_2011b_pref","UN_2011b_concl","yes","INT","0","UN_2011b","0","0",1,0,"1",0,0,0,0,0,1,1,"Panitchpakdi, Supachai and Ayittey, Sherry",2011,"Applying a Gender Lens to Science, Technology and Innovation","Geneva, Switzerland","United Nations Conference on Trade and Development (UNCTAD)","United Nations Publications","0","0",NA
"UN_2012","UN_2012_fore","UN_2012_intro","UN_2012_exec",NA,"UN_2012_concl","yes","INT","0","UN_2012","0","0",1,0,"1",1,0,1,1,1,0,0,"0",2012,"A Bright Future in ICTs Opportunities for a New Generation of Women","Geneva, Switzerland","International Telecommunication Union (ITU)","International Telecommunication Union (ITU)","0","0",NA
"UN_2012b","UN_2012b_fore","UN_2012b_intro",NA,NA,"UN_2012b_concl","yes","INT","0","0","0","0",1,118,"0",1,0,1,0,0,0,0,"0",2012,"WORLD ATLAS of Gender Equality in Education","Geneva, Switzerland","United Nations Educational, Scientific and Cultural Organization (UNESCO)","United Nations Publications","0","United Nations Broadband Commission",NA
"UN_2013","UN_2013_fore",NA,"UN_2013_exec",NA,"UN_2013_concl","yes","INT","0","UN_2013","0","0",1,0,"1",1,0,0,1,1,0,0,"0",2013,"Doubling Digital Opportunities: Enhancing the Inclusion of Women & Girls in the Information Society","Paris, France","International Telecommunication Union (ITU); United Nations Educational, Scientific and Cultural Organization (UNESCO)","United Nations Publications","United Nations Broadband Commission","0",NA
"UN_2014",NA,NA,"UN_2014_exec",NA,"UN_2014_concl","yes","INT","0","UN_2014","0","0",1,0,"1",1,0,1,0,1,0,1,"0",2014,"Girls In STEM and ICT Careers: The Path toward Gender Equality","Geneva, Switzerland","International Telecommunication Union (ITU); United Nations Educational, Scientific and Cultural Organization (UNESCO); UN Women; Microsoft","United Nations Publications","0","0",NA
"US_2000",NA,"US_2000_intro",NA,"US_2000_pref","US_2000_concl","yes","US","0","US GAO_2000","0","Annie",1,0,"0",0,0,0,0,0,1,0,"0",2000,"NIH Has Increased Its Efforts to Include Women in Research","Washington, DC","Government Accountability Office (GAO)","Government Accountability Office (GAO)","0","0",NA
"US_2004",NA,"US_2004_intro","US_2004_exec","US_2004_pref","US_2004_concl","yes","US","0","US GAO_2004","0","Annie",1,55,"0",1,1,0,0,0,0,0,"Ashby, Cornelia M. ",2004,"Gender Issues: Women’s Participation in the Sciences Has Increased, but  Agencies Need to Do More to Ensure Compliance with Title IX","Washington, DC","Government Accountability Office (GAO)","Government Accountability Office (GAO)","0","0",NA
"US_2015",NA,NA,"US_2015_exec","US_2015_pref","US_2015_concl","yes","US","0","US_GAO_2015","0","0",1,0,"0",0,0,1,0,0,1,0,"0",2015,"Better Oversight Needed to Help Ensure Continued Progress Including Women in Health Research","Washington, DC","Government Accountability Office (GAO)","Government Accountability Office (GAO)","0","0",NA
"WB_2009",NA,"WB_2009_intro","WB_2009_exec",NA,NA,"yes","INT","0","WorldBank_2009","0","0",1,0,"1",0,0,1,1,0,1,0,"Melhem, Samia, Tandon, Nidhi and Morrell, Claudia",2009,"Information and Communication Technologies for Women's Socio-Economic Empowerment","Washington, DC","World Bank Group","World Bank Group","0","0",NA
"WLL_2014",NA,"WLL_2014_intro","WLL_2014_exec",NA,"WLL_2014_concl","yes","US","0","WorkLifeLaw_2014","0","0",1,0,"0",1,0,1,0,1,0,0,"Williams, Joan C., Phillips, Katherine W. and Hall, Erika V.",2014,"Double Jeopardy? Gender bias against women of color in science","San Francisco, CA","WorkLife Law","UC Hastings College of the Law","0","0",NA
